{"cameraMode":{"drawMode":0,"name":"Shaded","section":"Shading Mode"},"sceneLighting":true,"audioPlay":false,"sceneViewState":{"m_AlwaysRefresh":false,"showFog":true,"showSkybox":true,"showFlares":true,"showImageEffects":true,"showParticleSystems":true,"showVisualEffectGraphs":true,"m_FxEnabled":true},"in2DMode":false,"pivot":{"x":23.27216339111328,"y":-21.878562927246095,"z":61.72623825073242},"rotation":{"x":0.010817131958901883,"y":0.6926746368408203,"z":0.010391011834144593,"w":-0.7210978269577026},"size":7.445816993713379,"orthographic":false}